24H.ST	24H MOVIES SWEDEN	0
25318.ST	Dacke Group Nordic AB	0
2E.ST	2E GROUP	0
2ENT.ST	2Entertain AB	0
360H.ST	360 Holding AB	0
37341.ST	DIGITAL VIS RTS 09	0
3L.ST	3L SYSTEM	0
40331.ST	MUNTERS RED. 07	0
41065.ST	EOS RUSSIA I07	0
43577.ST	Entraction Holding AB	0
43825.ST	IAR SYSTEMS GR -B-	0
43882.ST	Venue Retail Group AB	0
46705.ST	Aqeri Holding AB	0
47240.ST	INVISIO Headsets AB	0
47245.ST	Bredband2 i Skandinavien AB	0
47719.ST	MedCap AB	0
47940.ST	CAPILON	0
49033.ST	DANNEMORA MINER -B-	0
49924.ST	MALKA OIL	0
53229.ST	AMASTEN HOLD -B-	0
55332.ST	EWORK SCANDINAVIA	0
55354.ST	TRYGGA HEM SKANDI	0
585671.ST	Vostok Gas Ltd.	0
62622.ST	VOST NAFT SDR I09/2	0
62893.ST	KOPPARBG MIN RTS09	0
88870.ST	NORSE ENERGY CORP	0
88883.ST	OCEANTEAM SHIPPING	0
88895.ST	RESERVOIR EXPLOR-B-	0
88902.ST	SIEM OFFSHORE	0
88907.ST	SPBK 1 SR-BANK	0
88911.ST	TELIO HOLDING	0
88914.ST	VEIDEKKE	0
89292.ST	WILH. WILH HOLD -B-	0
89293.ST	WILH. WILH HOLD -A-	0
89296.ST	PSI GROUP	0
89412.ST	NORTH ENERGY	0
899736.ST	Fortum Corporation	0
AAK.ST	AarhusKarlshamn AB	0
ABB.ST	ABB Ltd.	0
ACAD-B.ST	AcadeMedia AB	0
ACADB.ST	AcadeMedia AB	0
ACAN-B.ST	Acando AB	0
ACAP-A.ST	ACAP Invest AB	0
ACAP-B.ST	ACAP Invest AB	0
ACAPB.ST	ACAP INVEST -B-	0
ACCE-B.ST	Accelerator Nordic AB	0
ACOM.ST	A-Com AB	0
ACTI.ST	Active Biotech AB	0
ADDT-B.ST	Addtech AB	0
ADDTB.ST	Addtech AB	0
ADDV.ST	AddVise Inredning Skyddsven	0
AERO-B.ST	Aerocrine AB	0
AF-B.ST	AF AB	0
AFFS-B.ST	Affarsstrategerna	0
AFFSB.ST	Affarsstrategerna	0
AGIS.ST	AGELLIS GROUP	0
ALFA.ST	Alfa Laval AB	0
ALIV-SDB.ST	Autoliv	0
ALM.ST	ALM EQUITY -A-	0
ALME.ST	ALBIN METALS	0
ALNX.ST	ALLENEX -B-	0
ALOK-B.ST	ALLOKTON -B-	0
ALPA.ST	Alpcot Agro AB	0
ALPH.ST	ALPHAHELIX MOLE DIA	0
AMAST-B.ST	AMASTEN HOLD -B-	0
AMH2-B.ST	AMHULT 2 -B-	0
ANGPB.ST	AF AB	0
ANNE.ST	ANNEHEM FASTIGHETER	0
ANOD-B.ST	AddNode AB	0
ANOT.ST	Anoto Group Ab	0
AOIL-SDB-PREF.ST	ALLIANCE O PREF SDR	0
AQ.ST	AROS QUALITY GROUP	0
AQER.ST	AQERI HOLDING	0
AQLV.ST	AQUALIV	0
ARCH-B.ST	ARCHELON MINERA -B-	0
ARCHERO.ST	ARCHER	0
ARP.ST	ARCTIC PAPER	0
ARTI-B.ST	Artimplant AB	0
ARTIB.ST	Artimplant AB	0
ASP.ST	Aspiro AB	0
ASSA-B.ST	Assa Abloy AB	0
ASSAB.ST	Assa Abloy AB	0
ATCO-A.ST	Atlas Copco AB	0
ATCO-B.ST	Atlas Copco AB	0
ATCOA.ST	Atlas Copco AB	0
ATCOB.ST	ATLAS COPCO -B-	0
ATEL.ST	ALLTELE ALLM SVENSK	0
ATI.ST	AQUA TERRENA INTL	0
ATO-B.ST	ALTERO -B-	0
ATO-TR-B.ST	ALTERO RTS 13	0
AUDV-B.ST	Audiodev Ab	0
AUDVB.ST	Audiodev Ab	0
AUH.ST	AU HOLDING	0
AVEG-B.ST	AVEGA GROUP -B-	0
AVON.ST	AVONOVA SVERIGE	0
AVT-B.ST	AVITECH SWE-B-	0
AVT-TR-PREF.ST	AVTECH SWED RTS 12	0
AXFO.ST	Axfood Ab	0
AXIS.ST	Axis AB	0
AXLN.ST	Axlon Group AB	0
AZA.ST	Avanza AB	0
AZN.ST	AstraZeneca PLC	0
AZN4K-340SWE.ST	AZN/SWEDBK WTS 14	0
BAHN-B.ST	BAHNHOF -B-	0
BALD-B.ST	Fastighets AB Balder	0
BBTO-B.ST	B&B Tools AB	0
BEF-SDB-TR.ST	BLACK EARTH RTS 12	0
BEF-SDB.ST	BLACK EARTH FA SDB	0
BEGR.ST	BE Group AB	0
BEIA-B.ST	Beijer Alma AB	0
BEIAB.ST	Beijer Alma AB	0
BEIJ-B.ST	G & L Beijer AB	0
BEIN-B.ST	BESTIN PREPACK -B-	0
BELE.ST	Beijer Electronics AB	0
BEO-SDB.ST	BEOWULF MIN SDB	0
BERGB.ST	B&B TOOLS AB	0
BETS-B.ST	Betsson AB	0
BETS-IL-B.ST	BETSSON -B- RED	0
BIAP-A.ST	Biosensor Applications Sweden AB	0
BIAP-BTA-A.ST	BIOSENSOR -A- I13	0
BIAP-TR-A.ST	BIOSENSOR RTS 13/A	0
BIGG-BTA-B.ST	BIOTECH-IGG -B- I13	0
BIGG-TR-B.ST	BIOTECH RTS 13/B	0
BILI-A.ST	Bilia AB	0
BILIA.ST	Bilia AB	0
BILL-TR.ST	BILLERUDKORS RTS 12	0
BILL.ST	Billerud AB	0
BINV.ST	Bioinvent International Ab	0
BIO1-B.ST	BIOMETRON -B-	0
BIOG-B.ST	BioGaia AB	0
BIOGB.ST	Biogaia Ab	0
BIOP.ST	BioPhausia AB	0
BIOT.ST	BIOTAGE	0
BLIN.ST	Biolin Ab	0
BLIT.ST	ECO BYGGOLIT	0
BMIM.ST	B&M IMPEX	0
BOL.ST	Boliden AB	0
BOL3H-145SWE.ST	BOL/SWEDBK WTS 13	0
BOL4B-135SWE.ST	BOL/SWEDBK WTS 14	0
BOL4K-145SWE.ST	BOL/SWEDBK WTS 14	0
BONG.ST	Bong Ljungdahl AB	0
BORE.ST	Bore Tech AB	0
BORG-IL.ST	BJORN BO RED PFD	0
BORG.ST	Bjorn Borg AB	0
BOUL.ST	BOULE DIAGNOSTICS	0
BRE2.ST	BREDBAND2 I SKANDI	0
BRG-B.ST	Bergs Timber AB	0
BRG-BTA-B.ST	BERGS TIMB B I12/1	0
BRG-TR-B.ST	BERGS TIMBER RTS 12	0
BRIN-B.ST	Brinova Fastigheter AB	0
BRIO-B.ST	Brio AB	0
BRIOB.ST	Brio AB	0
BRO-B.ST	Brostrom AB	0
BROB.ST	Brostrom AB	0
BTS-B.ST	BTS Group AB	0
BURE.ST	Bure Equity AB	0
BVT.ST	Biovitrum AB	0
BWL.ST	Bringwell International AB	0
CAMP.ST	NCS NORDIC CAMPING	0
CAOI.ST	CAUCASUS OIL	0
CAPE.ST	CAPERIO HOLDING	0
CAPL.ST	CATERING PL I SKAND	0
CARD.ST	Cardo AB	0
CAST.ST	Castellum AB	0
CAT-A.ST	Catella AB	0
CAT-B.ST	Catella AB	0
CATE.ST	Catena AB	0
CATH-B.ST	CATECH -B-	0
CBA.ST	CYBAERO	0
CCOR-B.ST	Concordia Maritime AB	0
CCORB.ST	Concordia Maritime AB	0
CE-BTA-2.ST	CORTUS ENERGYI13/2	0
CE.ST	CORTUS ENERGY	0
CEAB-TR.ST	COMM ENT SVE RTS	0
CEAB.ST	COMM ENT SVENSKA	0
CEFO-B.ST	CEFOUR -B-	0
CEFO-BTA-B.ST	CEFOUR -B- I12	0
CEVI.ST	CELLAVISION	0
CFAB.ST	Fazer Konfektyr Service AB	0
CHAL-B.ST	Challenger Mobile AB	0
CHAL-BTA-B.ST	CHALLENGMOB -B- I12	0
CHEM-B.ST	Biotech-IgG AB	0
CHER-B.ST	CHERRYFORETAGEN -B-	0
CI-B.ST	CELL IMPACT -B-	0
CLA-B.ST	CLOETTA -B-	0
CLAS-B.ST	Clas Ohlson AB	0
CLASB.ST	Clas Ohlson Ab	0
CLHO.ST	CARL LAMM HLDGN	0
CLS-B.ST	CLINICAL LASER -B-	0
CNTA.ST	Connecta AB	0
COA.ST	Coastal Contacts Inc.	0
COIL-BTA.ST	SVENSKA CAP I08	0
COIL.ST	SVENSKA CAPITAL OIL	0
CONP-A.ST	CONPHARM -A-	0
CONP-B.ST	CONPHARM -B-	0
CONPA.ST	CONPHARM -A-	0
CONPB.ST	CONPHARM -B-	0
CONS-B.ST	Consilium AB	0
CONSB.ST	Consilium AB	0
COOL-B.ST	COOLGUARD -B-	0
CPNT.ST	CELLPOINT CONNECT	0
CRAD-B.ST	C-RAD -B-	0
CRED-A.ST	CREADES -A-	0
CSN.ST	Cision AB	0
CTEC.ST	ChronTech Pharma AB	0
CTT.ST	Ctt Systems	0
CYBE.ST	Cybercom Group Europe Ab	0
CZON-B.ST	Cryptzone Group AB	0
CZON-BTA-B.ST	CRYPTZONE -B- I08	0
DAG.ST	Dagon AB	0
DEFL-B.ST	DEFLAMO -B-	0
DEVI.ST	DEVICOM	0
DGC.ST	DGCONE	0
DIAH.ST	DIADROM HOLDING	0
DIAM-B.ST	Diamyd Medical AB	0
DIAMB.ST	Diamyd Medical AB	0
DIBS.ST	DIBS PAYMENT SERV	0
DIN.ST	Din Bostad Sverige AB	0
DIOS.ST	Dios Fastigheter AB	0
DNET.ST	DO NETWORKS SVERIGE	0
DONE.ST	DONE MGT AND SYST A	0
DORO.ST	Doro AB	0
DRIL.ST	Drillcon AB	0
DUNI.ST	Duni AB	0
DURC-B.ST	Duroc AB	0
DURCB.ST	Duroc AB	0
DV-BTA-1.ST	DIGITAL VISIO I09/1	0
DV.ST	Digital Vision AB	0
ECEX.ST	EAST CAPITAL EXPLOR	0
ECO-B.ST	ECORUB -B-	0
EDIC-B.ST	EDI COMP	0
EFFN.ST	Effnet Holding AB	0
EKTA-B.ST	Elekta AB	0
EKTAB.ST	Elekta AB	0
ELAN-B.ST	Elanders AB	0
ELAN-BTA-B.ST	ELANDERS -B- I07	0
ELANB.ST	Elanders AB	0
ELEC.ST	Electra Gruppen AB	0
ELGR-B.ST	Elektronik Gruppen AB	0
ELN.ST	ELLEN	0
ELOS-B.ST	Elos AB	0
ELU4B-200SWE.ST	ELUXB/SWEDBK WTS 14	0
ELU4K-185SWE.ST	ELUXB/SWEDBK WTS 14	0
ELUX-A.ST	Electrolux AB	0
ELUX-B.ST	Electrolux AB	0
ELUXA.ST	ELECTROLUX -A-	0
ELUXB.ST	Electrolux AB	0
ELV.ST	ELVERKET VALLENTUNA	0
EMP-B.ST	Empire AB	0
EMTR.ST	Emitor Holding AB	0
ENDO.ST	ENDOMINES	0
ENEA.ST	Enea Ab	0
ENJO-B.ST	ENJOY GROUP -B-	0
ENRO.ST	Eniro AB	0
ENT-B.ST	ENTRACTION HOLD -B-	0
EOLU-B.ST	EOLUS VIND -B-	0
EOS.ST	ENERGYO SOL RUSSIA	0
EPCT.ST	EpiCept Corp	0
EPIS-B.ST	EPISURF MEDICAL -B-	0
ERI4K-115SWE.ST	ERICB/SWEDBK WTS 14	0
ERIC-A.ST	Ericsson Telephone Company	0
ERIC-B.ST	Ericsson Telephone Company	0
EUCI.ST	EUROCINE VACCINES	0
EURI-B.ST	EUR INST SCIENCE-B-	0
EURI-BTA-B.ST	EU INST SCIEN B	0
EURI-TR-B.ST	EU INST SCIEN RTS12	0
EURO.ST	EUROCON CONSULTING	0
EVIP-A.ST	EUROVIP GROUP -A-	0
EVIP-B.ST	EUROVIP GROUP -B-	0
EXPAB.ST	Lammhults Design Group AB	0
FABG.ST	Fabege AB	0
FAG.ST	Fagerhult AB	0
FATV-BTA.ST	FASTTV NET I07	0
FATV.ST	FASTTV NET	0
FEEL.ST	Feelgood Svenska Ab	0
FHEM-B.ST	FORSHEM GROUP -B-	0
FING-B.ST	Fingerprint Cards AB	0
FINGB.ST	Fingerprint Cards AB	0
FINM-B.ST	FINMETRON -B-	0
FIRE.ST	FIREFLY	0
FIX-B.ST	Fenix Outdoor AB	0
FIXB.ST	Fenix Outdoor Ab	0
FOHF-B.ST	FORSSTROM H.FR. -B-	0
FOHFB.ST	FORSSTROM H.FR. -B-	0
FOLL.ST	FOLLOWIT HOLDING	0
FORE-B.ST	Forestlight Studio AB	0
FPAR.ST	Fast Partner Ab	0
FPIP.ST	FormPipe Software AB	0
FRAG-B.ST	FRAGUS GROUP -B-	0
FROO.ST	Frontline	0
FUND-TR.ST	FUNDIOR RTS 12	0
FUND.ST	FUNDIOR	0
G5EN.ST	G5 ENTERTAINMENT	0
GENI.ST	GENERIC SWEDEN	0
GENL.ST	GENLINE HLDGN	0
GENO.ST	GENOVIS	0
GET4K-280SWE.ST	GTN/SWEDBK WTS 14	0
GETI-B.ST	Getinge AB	0
GETIB.ST	Getinge AB	0
GFUN.ST	GLOBALFUN	0
GGF.ST	GLOB GAMING FACT X	0
GHP.ST	GLOB HEALTH PARTNER	0
GHUS-B.ST	GOTENEHUS GROUP -B-	0
GIFT.ST	GIFTTODAY	0
GIM.ST	GETUPDATED INT MKT	0
GJAB.ST	GULLBERG & JANS	0
GJFO.ST	GJENSIDIGE FORSIKRI	0
GOGLO.ST	Golden Ocean Group Limited	0
GULD.ST	GULD INVEST NORDEN	0
GUNN.ST	Gunnebo AB	0
GVKO-B.ST	Geveko AB	0
GVKOB.ST	Geveko AB	0
H1-B.ST	H1 COMMUNICATIO -B-	0
HAKN.ST	Hakon Invest AB	0
HAM-B.ST	Hammar Invest AB	0
HAV-B.ST	Havsfrun AB	0
HAVB.ST	Havsfrun Investment AB	0
HBY-B.ST	HAMMARBY BANDY -B-	0
HEBA-B.ST	FAST. HEBA-B-	0
HEBAB.ST	HEBA Fastighets AB	0
HEDS.ST	HEDSON TECH INTERNA	0
HEMX.ST	Hemtex AB	0
HEXA-B.ST	Hexagon AB	0
HEXAB.ST	Hexagon AB	0
HIFA-B.ST	Hifab Group AB	0
HIQ.ST	HiQ International AB	0
HL-B.ST	HL Display AB	0
HLB.ST	HL Display AB	0
HLDX.ST	Haldex Group AB	0
HM-B.ST	HENNES&MAURITZ -B-	0
HMB.ST	Hennes & Mauritz AB	0
HMB3H-260SWE.ST	HMB/SWEDBK WTS 13	0
HMB3H-300SWE.ST	HMB/SWEDBK WTS 13	0
HMED.ST	HANSA MEDICAL	0
HMS.ST	HMS Networks AB	0
HOB-B.ST	HEART OF BRANDS -B-	0
HOGA-B.ST	Hoganas AB	0
HOGAB.ST	Hoganas	0
HOLM-A.ST	Holmen AB	0
HOLM-B.ST	Holmen AB	0
HOLMA.ST	HOLMEN -A-	0
HOLMB.ST	Holmen Ab	0
HOME-B.ST	HOMEMAID -B-	0
HOPR.ST	Home Properties AB	0
HPOL-B.ST	Hexpol AB	0
HQ.ST	HQ AB	0
HUFV-A.ST	Hufvudstaden AB	0
HUFV-C.ST	Hufvudstaden AB	0
HUFVA.ST	Hufvudstaden Ab	0
HUMA.ST	Human Care HC Ab	0
HUSQ-A.ST	Husqvarna AB	0
HUSQ-B.ST	Husqvarna AB	0
IBS-B.ST	IBS AB	0
IBSB.ST	IBS AB	0
ICAP.ST	ICT NORD FASTIG	0
ICM.ST	ICM KUNGSHOLM	0
ICTA-B.ST	Intellecta AB	0
IDL-B.ST	IDL Biotech AB	0
IFS-A.ST	Industrial & Financial Systems AB	0
IFS-B.ST	Industrial & Financial Systems AB	0
IFSA.ST	INDUSTRIAL AND FINANCIAL SYSTEMS IFS AB	0
IFSB.ST	Industrial & Financial Sy	0
IJ.ST	Intrum Justitia AB	0
IMPC.ST	Impact Coatings AB	0
IMSG.ST	INTL MARK & SALES	0
INDT.ST	Indutrade Ab	0
INDU-A.ST	IND.VAERDEN -A-	0
INDU-C.ST	IND.VAERDEN -C-	0
INDUA.ST	Industrivarden	0
INDUC.ST	INDUSTRIVAERDEN AB	0
INPH.ST	INNATE PHARMACEUTIC	0
INRS-B.ST	INRIS MOBILE -B-	0
INTO-B.ST	Intoi AB	0
INTS.ST	INTIUS	0
INVE-A.ST	Investor AB	0
INVE-B.ST	Investor AB	0
INVEA.ST	INVESTOR -A-	0
INVEB.ST	Investor AB	0
IPL.ST	INSPLANET	0
ITAB-B.ST	ITAB Shop Concept AB	0
JEEV.ST	Jeeves Informations System	0
JELL.ST	JELLO	0
JLT.ST	Jlt Mobile Computers Ab	0
JM.ST	JM AB	0
KABE-B.ST	KABE Husvagnar AB	0
KABEB.ST	Kabe Husvagnar	0
KAHL-IL.ST	KAPPAHL HLDG RED.	0
KAHL.ST	KappAhl Holding AB	0
KAN-TR.ST	KANCERA RTS 12	0
KARO.ST	Karo Bio AB	0
KDEV.ST	KAROL DEVEL -B-	0
KINV-A.ST	KINNEVIK INV. -A-	0
KINV-B.ST	KINNEVIK INV. -B-	0
KLED-IL.ST	KUNGSLEDEN RED.	0
KLED.ST	Kungsleden AB	0
KLIC-B.ST	KLICK DATA -B-	0
KLOV.ST	Klovern Ab	0
KMIN-B.ST	Kopparberg Mineral AB	0
KNOW.ST	Know IT AB	0
KOAO.ST	KONGSB AUTOM HOLD	0
KRKB.ST	STAVRULLEN -B-	0
KWALB.ST	KINDWALLS BIL -B-	0
LABS.ST	Labs2 Group AB	0
LAGR-B.ST	Lagercrantz Group AB	0
LAGRB.ST	Lagercrantz Group AB	0
LAMM-B.ST	Lammhults Design Group AB	0
LATF-B.ST	LATVIAN FOREST -B-	0
LATO-A.ST	LATOUR INVEST -A-	0
LATO-B.ST	Investment AB Latour	0
LATOA.ST	LATOUR INVESTMENT AB	0
LATOB.ST	Investment Ab Latour	0
LBI.ST	LBI International AB	0
LEDS-B.ST	Ledstriernan	0
LEDSB.ST	Ledstriernan	0
LIAB.ST	LINDAB INTERNAT.	0
LINE-B.ST	LINEAR -B-	0
LJGR-B.ST	Atrium Ljungberg AB	0
LJGRB.ST	Atrium Ljungberg AB	0
LLSW-B.ST	LIGHTLAB SWEDEN -B-	0
LMED.ST	LinkMed AB	0
LOOM-B.ST	Loomis AB	0
LOVI.ST	LOVISAGRUVAN	0
LUCE.ST	LUCENT OIL	0
LUMI-SDB.ST	Lundin Mining Corp	0
LUND-B.ST	L E Lundbergforetagen AB	0
LUNDB.ST	Lundbergforetagen	0
LUPE.ST	Lundin Petroleum AB	0
LUVA.ST	Avensia Innovation AB	0
LUXO-SDB.ST	Luxonen S.A.	0
LWSN.ST	Lawson Software Inc	0
LYYN.ST	LYYN	0
MACK-B.ST	MACKMYRA WHISKY -B-	0
MAHL.ST	MAHLER INTERNATIONA	0
MAXP.ST	MAXPEAK	0
MCAB-SDB.ST	MYCAB INTERNAT SDR	0
MCRO.ST	Micro Holding AB	0
MEAB-B.ST	Malmbergs Elektriska AB	0
MEABB.ST	Malmbergs Elektriska	0
MEDA-A.ST	Meda AB	0
MEDAA.ST	Meda AB	0
MEDF.ST	MEDFIELD DIAGN	0
MEDR-B.ST	MEDIRATT -B-	0
MEKO.ST	Mekonomen AB	0
MEKOB.ST	Mekonomen AB	0
MELK.ST	Melker Schorling AB	0
MEPR.ST	MEDIAPROVIDER SCA	0
MIC-SDB.ST	MILLICOM INT. CELL	0
MICR.ST	Micronic Mydata AB	0
MIDW-A.ST	Midway Holding AB	0
MIDW-B.ST	Midway Holding AB	0
MIDWB.ST	Midway Holding	0
MII.ST	MINERAL INVEST INTL	0
MIR.ST	MIRIS HOLDING	0
MMG.ST	MOBICARD MEDIA	0
MOBI-SD	.ST MOBILE LOYALTY SDR	0
MOBS.ST	MOBISPINE	0
MOBY.ST	Mobyson AB	0
MOD1.ST	Modul 1 Data AB	0
MORP-B.ST	Morphic Technologies AB	0
MPEN.ST	MEDICPEN	0
MROX-A.ST	MEDIROX -A-	0
MROX-B.ST	MEDIROX -B-	0
MSAB-B.ST	MICRO SYSTEM -B-	0
MSC-B.ST	MSC Konsult AB	0
MSCB.ST	MSC Konsult AB	0
MSON-A.ST	Midsona AB	0
MSON-B.ST	Midsona AB	0
MTG-A.ST	Modern Times Group MTG AB	0
MTG-B.ST	Modern Times Group MTG AB	0
MTGA.ST	MODERN TIMES GROUP AB	0
MTGB.ST	MTG (Modern Times Group)	0
MTRO-SDB-A.ST	METRO INTL SDR -A-	0
MTRO-SDB-B.ST	Metro Intl	0
MTRS.ST	Munters AB	0
MULQ.ST	Multiq International AB	0
MVIR-B.ST	Medivir AB	0
MVIRB.ST	Medivir AB	0
NAXS.ST	NAXS NORD ACCESS FD	0
NCAS-B.ST	NOVACAST -B-	0
NCC-A.ST	NCC AB	0
NCC-B.ST	NCC AB	0
NCCA.ST	NCC AB	0
NCCB.ST	NCC -B-	0
NDA-SEK.ST	Nordea Bank AB	0
NDIQ.ST	NORDIQ GOTEBORG	0
NEO-IL-1.ST	NEONET -B- RED 08/1	0
NEO-IL-2.ST	NEONET -B- RED.08/2	0
NEO.ST	NeoNet AB	0
NET-B.ST	Net Entertainment NE AB	0
NETI-B.ST	Net Insight AB	0
NETIB.ST	Net Insight AB	0
NETR.ST	Netrevelation AB	0
NEWA-B.ST	New Wave Group AB	0
NEWAB.ST	New Wave Group AB	0
NEXU.ST	Technology Nexus AB	0
NHYO.ST	Norsk Hydro ASA	0
NIBE-B.ST	NIBE IND.-B-	0
NIBEB.ST	Nibe AB	0
NILG-B.ST	Nilorngruppen	0
NILGB.ST	Nilorngruppen	0
NISC-B.ST	Niscayah Group AB	0
NMAN.ST	NEDERMAN HOLDING	0
NN-B.ST	Nordnet AB	0
NNB.ST	Nordnet Ab	0
NNH.ST	NEW NORD HEALTHBRAN	0
NOBI.ST	Nobia AB	0
NOCMB.ST	Intoi AB	0
NODO.ST	NORDIC SEMICONDUCTO	0
NOFO.ST	NORTHERN OFF (BERM)	0
NOK1V.ST	Nokia Oyj	0
NOKI-SEK.ST	Nokia Oyj	0
NOLA-B.ST	Nolato AB	0
NOLAB.ST	Nolato AB	0
NOMI-TR.ST	NORDIC MINES RTS 12	0
NOMI.ST	Nordic Mines AB	0
NON.ST	Netonnet Ab	0
NOTE.ST	Note AB	0
NOVE.ST	Novestra AB	0
NOVU.ST	NOVUS GROUP INTL	0
NSGO.ST	Norske Skogindustrier ASA	0
NSP-B.ST	Nordic Service Partners Holding AB	0
NTEK-B.ST	Novotek AB	0
NTEKB.ST	Novotek AB	0
NVP.ST	NEUROVIVE PHARMA	0
OASM-BTA.ST	OASMIA I12/1	0
OASM.ST	Oasmia Pharmaceutical AB	0
ODD.ST	Odd Molly International AB	0
ODEN.ST	ODEN CONTROL	0
ODENB.ST	ODEN CONTROL -B-	0
OEM-B.ST	OEM International AB	0
OEMB.ST	OEM International AB	0
OFAB.ST	ONSKEFOTO	0
OLDM.ST	Old Mutual Plc	0
ONE.ST	ONE MEDIA NETWORK	0
OPCO-BTA.ST	OPCON I12	0
OPCO.ST	Opcon AB	0
OPUS.ST	OPUS Prodox AB	0
ORC.ST	ORC Software AB	0
ORES.ST	Investment Ab Oresund	0
ORI-SDB.ST	Oriflame Cosmetics SA	0
ORKO.ST	Orkla	0
ORTI-A.ST	Ortivus AB	0
ORTI-B.ST	Ortivus AB	0
ORTIB.ST	Ortivus AB	0
ORX.ST	Orexo AB	0
OS.ST	OraSolv AB	0
OXGN.ST	Oxigene	0
PACT.ST	Proact IT Group AB	0
PALS-B.ST	PALLAS GROUP -B-	0
PAR-BTA-A.ST	PA RES -A- I13/1	0
PAR-SEK.ST	PA Resources AB	0
PAR-TR-A.ST	PA RES RTS 13/A	0
PAR-TR-B.ST	PA RES RTS 13/B	0
PARA-BTA.ST	PARANS SOLAR	0
PART.ST	PartnerTech AB	0
PCOM-B.ST	PRECOMP SOLUTI -B-	0
PDXE.ST	Paradox Entertainment AB	0
PEAB-B.ST	Peab AB	0
PEABB.ST	PEAB AB	0
PFE.ST	Pfizer	0
PHAL.ST	PHARMALUNDENSIS	0
PHON.ST	Phonera AB	0
PIL-B-BTA.ST	PILUM -B- I12	0
PIL-B.ST	PILUM -B-	0
PIL-BTA1-B.ST	PILUM -B- I08	0
POOL-B.ST	Poolia AB	0
POOLB.ST	Poolia AB	0
PRCO-B.ST	PRECIO SYS -B-	0
PREC.ST	Precise Biometrics Ab	0
PREV-B.ST	Prevas AB	0
PREVB.ST	Prevas AB	0
PRIC-B.ST	Pricer AB	0
PRICB.ST	Pricer AB	0
PROB.ST	Probi Ab	0
PROE-B.ST	Proffice AB	0
PROEB.ST	Proffice AB	0
PROF-B.ST	ProfilGruppen AB	0
PROFB.ST	Profil gruppen	0
PSI-SEK.ST	PSI Group ASA	0
PVE.ST	PV ENTERPRISE SWED	0
PXXS-SDB.ST	BlackPearl Resources	0
QECO.ST	Questerre Energy Corporation	0
QFRO.ST	Q-FREE	0
QMED.ST	Q Med AB	0
RABT-B.ST	Rederi AB Transatlantic	0
RAIL.ST	RAILCARE GROUP	0
RAST.ST	Rasta Group AB	0
RATO-A.ST	Ratos AB	0
RATO-B.ST	Ratos AB	0
RATOA.ST	RATOS -A-	0
RATOB.ST	Ratos AB	0
RAY-B.ST	RaySearch Laboratories AB	0
RAYB.ST	RaySearch Laboratories AB	0
RBAB-B.ST	RELATION & BRAN -B-	0
RBET.ST	Redbet Holding AB	0
RCLN-B.ST	RAYCLINIC -B-	0
REACHO.ST	REACH SUBSEA	0
RECO.ST	Renewable Energy Corporation ASA	0
RECY-B.ST	RECYCTEC HLDG -B-	0
REHA-B.ST	REHACT -B-	0
REJL-B.ST	Rejlerkoncernen AB	0
RES-B.ST	RESURS CNC	0
REZT.ST	Rezidor Hotel Group AB	0
RFIG.ST	RADIO FREQ INV GRP	0
RLS-BTA.ST	RLS GLOBAL I12	0
RLS.ST	RLS GLOBAL	0
RNBS-BTA.ST	RNB RET&BRA I08	0
RNBS.ST	Rnb Retail And Brands	0
ROSF-B.ST	ReadSoft AB	0
RROS.ST	Rottneros AB	0
RSOF-B.ST	ReadSoft AB	0
RSOFB.ST	ReadSoft AB	0
RTIM-B.ST	Rorvik Timber AB	0
RTIMB.ST	Rorvik Timber Ab	0
RUN.ST	RUNAWARE	0
RURI-B.ST	RURIC -B-	0
RUSF.ST	RUSFOREST	0
SAAB-B.ST	Saab AB	0
SAABB.ST	Saab AB	0
SAEK.ST	Saki	0
SAFE.ST	SAFE AT SEA	0
SAGA-PREF.ST	SAGAX	0
SAGA.ST	AB Sagax	0
SAND.ST	Sandvik AB	0
SAS.ST	SAS	0
SBC.ST	SBC Sveriges BostadsrattsCentrum AB	0
SBOK.ST	SCANDBOOK	0
SCA-A.ST	Svenska Cellulosa AB	0
SCA-B.ST	SCA Sv Cellulosa	0
SCAA.ST	SVENSKA CELLULOSA SCA AB	0
SCAB.ST	SCA Sv Cellulosa	0
SCH-O.ST	Schibsted ASA	0
SCIR-B.ST	SCIROCCO -B-	0
SCMI-BTA-1.ST	SCANMINING I07 -1-	0
SCMI.ST	ScanMining AB	0
SCOR-A.ST	SwitchCore AB	0
SCOR-B.ST	SWITCHCORE -B-	0
SCOR.ST	Switchcore AB	0
SCRI-A.ST	Scribona AB	0
SCRI-B.ST	SCRIBONA -B-	0
SCRIA.ST	Scribona AB	0
SCRIB.ST	SCRIBONA -B-	0
SCV-A.ST	Scania AB	0
SCV-B.ST	Scania AB	0
SCV-IL-A.ST	SCANIA -A- RED.08	0
SCV-IL-B.ST	SCANIA -B- RED 08	0
SCVA.ST	SCANIA -A-	0
SDAB-B.ST	Seamless Distribution AB	0
SDRLO.ST	Seadrill Ltd	0
SEAB-B.ST	SKANSKA ENERGI -B-	0
SEAM-BTA.ST	SEAMLESS DISTR I12	0
SEAN-BTA-1.ST	SEANET MARIT I09/1	0
SEAN.ST	SEANET MARI COMMUN	0
SEB-A.ST	Skandinaviska Enskilda Banken AB	0
SEB-C.ST	Skandinaviska Enskilda Banken AB	0
SEBA.ST	S E Banken	0
SEBC.ST	SKANDINAVISKA ENSKILDA BANKEN	0
SECO-B.ST	Seco Tools AB	0
SECOB.ST	Seco Tools AB	0
SECT-B.ST	Sectra AB	0
SECT-IL-B.ST	SECTRA-B- REDPFD 12	0
SECTB.ST	Sectra AB	0
SECU-B.ST	Securitas AB	0
SECUB.ST	Securitas AB	0
SEMC.ST	Semcon AB	0
SENS.ST	Sensys Traffic AB	0
SERS-B.ST	SWEDE RESOURCES -B-	0
SEZI.ST	SENZIME	0
SGLD-B.ST	STUREGULD -B-	0
SHB-A.ST	Svenska Handelsbanken	0
SHB-B.ST	Svenska Handelsbanken	0
SHBA.ST	Svenska Handelsbanken AB	0
SHBB.ST	SVENSKA HANDELSBANKEN AB	0
SHEL-B.ST	SHELTON PETROL -B-	0
SIGM-B.ST	Sigma AB	0
SIGMB.ST	Sigma Ab	0
SINT.ST	Sintercast AB	0
SIR.ST	Svensk Internetrekrytering AB	0
SIVE-BTA-1.ST	SIVERS IMA I13/1	0
SJOH-B.ST	SPORTJOHAN -B-	0
SJR-B.ST	SKA JOUR & REKR -B-	0
SKA-B.ST	Skanska AB	0
SKAB.ST	Skanska AB	0
SKF-A.ST	SKF	0
SKF-B.ST	SKF	0
SKFA.ST	SVENSKA KULLAGERFABRIKEN SKF AB	0
SKFB.ST	SKF AB	0
SKIS-B.ST	SkiStar AB	0
SKISB.ST	Skistar	0
SKMO.ST	Skane Mollan	0
SMAQ-B.ST	SMARTEQ -B-	0
SNM.ST	SHAMARAN PETROL	0
SOF-B.ST	Softronic AB	0
SOFB.ST	Softronic AB	0
SOGH.ST	SELENA OIL & GAS	0
SONGO.ST	Songa Offshore ASA	0
SPAG-BTA.ST	SPAGO IMAGING I12	0
SPEL.ST	PSI SPELINVEST	0
SRAB-B.ST	SRAB SHIP B	0
SRBANKO.ST	AUSTEVOLL SEAFOOD	0
SSAB-A.ST	SSAB Corp	0
SSAB-B.ST	SSAB Corp	0
SSABB.ST	SSAB SWEDISH STEEL	0
STAR.ST	STARBREEZE	0
STAV-B.ST	STAVRULLEN FINA -B-	0
STE-A.ST	STORA ENSO -A-	0
STE-R.ST	Stora Enso Oyj	0
STEA.ST	STORA ENSO OYJ	0
STEK.ST	Skanditek	0
STER.ST	STORA ENSO OYJ	0
STIL.ST	Stille AB	0
STRI-B.ST	1-618 STRICT -B-	0
STRM-B.ST	STORMFAGELN -B-	0
STVA-B.ST	STAR VAULT -B-	0
SUBCO.ST	SUBSEA 7	0
SVED-B.ST	Svedbergs i Dalstorp AB	0
SVEDB.ST	Svedbergs i Dalstorp AB	0
SVIK.ST	Studsvik AB	0
SVOL-A.ST	Svolder AB	0
SVOL-B.ST	Svolder AB	0
SVOLA.ST	SVOLDER -A-	0
SVOLB.ST	Svolder AB	0
SWEC-A.ST	Sweco AB	0
SWEC-B.ST	Sweco AB	0
SWECA.ST	Sweco AB	0
SWECB.ST	SWECO -B-	0
SWED-A.ST	Swedbank AB	0
SWED-PREF.ST	SWEDBANK PRF	0
SWMA.ST	Swedish Match AB	0
SWOL-B.ST	Swedol AB	0
SYKA.ST	SYSTEM KAPIT SVERIG	0
SYSE.ST	SYSTEMSEPARATION	0
SYSR.ST	SYSTEMAIR	0
TAGM-B.ST	TagMaster AB	0
TAGR.ST	TRIGON AGRI	0
TAUR-B.ST	Taurus Energy AB	0
TEL2-A.ST	Tele2 AB	0
TEL2-B.ST	Tele2 AB	0
TEL2A.ST	TELE2 -A-	0
TEL2B.ST	Tele2 Ab	0
TELC-B.ST	Teleca Ab	0
TELCB.ST	Teleca Ab	0
TELO.ST	Telenor ASA	0
TETY.ST	Tethys Oil AB	0
TGSO.ST	TGS-NOPEC Geophysical Company ASA	0
THALB.ST	Hifab Group AB	0
THK-B.ST	THENBERG&KINDE -B-	0
THK-TR-B.ST	T&K FOND RTS 13/B	0
TICK.ST	Ticket Travel Group AB	0
TIEN.ST	TietoEnator Oyj	0
TIGR.ST	TIGRAN TECHNOLOG.	0
TILG.ST	Tilgin AB	0
TLSN.ST	Teliasonera Ab	0
TOWO.ST	TOWORK SVERIGE	0
TP.ST	Travelpartner AB	0
TPEP.ST	Tripep Holding AB	0
TRAC-B.ST	Traction AB	0
TRACB.ST	Traction AB	0
TRAD.ST	TradeDoubler AB	0
TRAN-B.ST	TRANSFERATOR -B-	0
TRAT-B.ST	TRACTECHNOLOGY -B-	0
TREL-B.ST	Trelleborg AB	0
TRELB.ST	Trelleborg AB	0
TRIA.ST	TRIMERA	0
TRIC.ST	Tricorona Ab	0
TRTI.ST	TRETTI	0
TRUE-B.ST	TRUE HEADING -B-	0
TTSO.ST	BLOM	0
TWW-SDB-A.ST	TRANSCOM WW -A- SDR	0
TWW-SDB-B.ST	Transcom Worldwide SA	0
UFLX-B.ST	Uniflex AB	0
ULYS.ST	ULYSS	0
UNIB-SDB.ST	Unibet Group Plc	0
UTG.ST	UNL TRAVEL GROUP	0
VALU.ST	VALUETREE HLDNGS	0
VARY.ST	Varyag Resources AB	0
VBG-B.ST	VBG AB	0
VBGB.ST	VBG AB	0
VEND-B.ST	VENDATOR -B-	0
VFS-B.ST	VARML FIN SVE -B-	0
VICP.ST	VICTORIA PARK	0
VINO.ST	VINOVO	0
VIT-B.ST	VITEC SOFTWA GR -B-	0
VITB.ST	VITEC I UMEA -B-	0
VITR.ST	Vitrolife AB	0
VKG.ST	VKG Energy Services AB	0
VNIL-SDB.ST	VOST NAFTA INV SDB	0
VNV.ST	VITA NOVA VENTURES	0
VOLV-A.ST	VOLVO -A-	0
VOLV-B.ST	Volvo AB	0
VOLVA.ST	VOLVO -A-	0
VOLVB.ST	Volvo AB	0
VRG-B.ST	Venue Retail Group AB	0
WAFV-B.ST	Boras Wafveri AB	0
WAFVB.ST	Boras Wafveri AB	0
WALL-B.ST	Wallenstam Byggn	0
WALLB.ST	Wallenstam Byggn	0
WCSI.ST	WORLD CLASS INT	0
WEDB.ST	Venue Retail Group AB	0
WESC-BTA.ST	WESC I12	0
WESC.ST	WESC	0
WESTB.ST	Elos AB	0
WIHL.ST	Wihlborgs Fastigheter AB	0
WIKM.ST	WIKING MINERAL	0
WILSO.ST	BWG HOMES	0
WINT.ST	WEST INTERNATIONAL	0
WISE.ST	WISE GROUP	0
WJET.ST	WATER JET SWEDEN	0
WNT-TR.ST	WNTRESEARCH RTS13	0
WSAB-B.ST	WHITE SHARK -B-	0
WSIB-SDB.ST	West Siberian Resources Ltd.	0
XANO-B.ST	Xano Industri	0
XCG-B.ST	XTRACOM CONSUL -B-	0
XPON.ST	Xponcard Group Ab	0
XRF-B.ST	XRF ANALYTICAL  -B-	0
XTRA.ST	Xtranet Gruppen i Stockholm AB	0
YARO.ST	Yara International ASA	0
YILD-B.ST	YIELD -B-	0
ZZ-B.ST	Zinzino Holding AB	0
		0
